Time_s,RSS,PID,Command
0.0,761.1,35709,java
0.6,761.3,35709,java
1.1,761.6,35709,java
1.6,762.9,35709,java
2.1,764.2,35709,java
2.7,764.6,35709,java
3.2,767.1,35709,java
3.7,766.9,35709,java
4.3,767.3,35709,java
4.8,767.6,35709,java
5.3,768.1,35709,java
5.8,784.7,35709,java
6.4,786.5,35709,java
6.9,787.0,35709,java
7.5,787.4,35709,java
8.0,822.7,35709,java
8.5,823.4,35709,java
9.0,827.5,35709,java
9.6,827.9,35709,java
10.1,824.3,35709,java
10.6,824.3,35709,java
11.2,824.3,35709,java
11.7,824.3,35709,java
12.2,826.4,35709,java
12.8,825.9,35709,java
13.3,825.9,35709,java
13.8,825.9,35709,java
14.3,778.0,35709,java
14.9,778.0,35709,java
15.4,778.0,35709,java
15.9,802.3,35709,java
16.5,812.1,35709,java
17.0,813.5,35709,java
17.5,840.9,35709,java
18.0,842.1,35709,java
18.6,842.2,35709,java
19.1,842.2,35709,java
19.6,842.2,35709,java
20.2,842.2,35709,java
20.7,842.2,35709,java
21.2,842.2,35709,java
21.7,845.5,35709,java
22.3,845.6,35709,java
22.8,845.6,35709,java
23.3,845.6,35709,java
23.9,845.6,35709,java
24.4,845.6,35709,java
24.9,845.6,35709,java
25.4,845.6,35709,java
26.0,845.6,35709,java
26.5,845.6,35709,java
27.0,846.5,35709,java
27.6,846.6,35709,java
28.1,856.6,35709,java
28.6,856.6,35709,java
29.1,856.6,35709,java
29.7,856.6,35709,java
30.2,856.6,35709,java
30.7,856.6,35709,java
31.3,815.9,35709,java
31.8,827.3,35709,java
32.3,827.3,35709,java
32.8,827.3,35709,java
33.4,827.3,35709,java
33.9,827.3,35709,java
34.4,832.3,35709,java
35.0,832.4,35709,java
35.5,832.4,35709,java
36.0,832.8,35709,java
36.6,851.2,35709,java
37.1,852.3,35709,java
37.6,855.0,35709,java
38.1,855.0,35709,java
38.7,855.0,35709,java
39.2,855.0,35709,java
39.7,855.0,35709,java
40.3,819.0,35709,java
40.8,819.0,35709,java
41.3,819.0,35709,java
41.8,832.0,35709,java
42.4,832.0,35709,java
42.9,832.0,35709,java
43.4,832.1,35709,java
44.0,832.1,35709,java
44.5,819.0,35709,java
45.0,819.1,35709,java
45.5,819.1,35709,java
46.1,856.0,35709,java
46.6,856.0,35709,java
47.1,857.4,35709,java
47.7,859.8,35709,java
48.2,859.8,35709,java
48.7,859.9,35709,java
49.2,859.9,35709,java
49.8,822.9,35709,java
50.3,822.9,35709,java
50.8,822.9,35709,java
51.4,822.9,35709,java
51.9,822.9,35709,java
52.4,822.9,35709,java
53.0,822.9,35709,java
53.5,822.9,35709,java
54.0,822.9,35709,java
54.6,823.1,35709,java
55.1,823.1,35709,java
55.6,823.1,35709,java
56.1,823.1,35709,java
56.7,834.5,35709,java
57.2,868.3,35709,java
57.7,868.8,35709,java
58.2,868.8,35709,java
58.8,868.8,35709,java
59.3,868.8,35709,java
59.8,868.8,35709,java
60.4,868.8,35709,java
60.9,868.8,35709,java
61.4,868.8,35709,java
62.0,868.8,35709,java
62.5,868.8,35709,java
63.0,868.8,35709,java
63.5,868.8,35709,java
64.1,868.8,35709,java
64.6,869.3,35709,java
65.1,869.3,35709,java
65.7,869.4,35709,java
66.2,869.4,35709,java
66.7,824.3,35709,java
67.2,838.9,35709,java
67.8,838.9,35709,java
68.3,847.4,35709,java
68.8,847.5,35709,java
69.4,849.5,35709,java
69.9,854.9,35709,java
70.4,854.9,35709,java
70.9,854.9,35709,java
71.5,854.9,35709,java
72.0,854.9,35709,java
72.5,854.9,35709,java
73.1,854.9,35709,java
73.6,854.9,35709,java
74.1,855.9,35709,java
74.6,855.9,35709,java
75.2,825.5,35709,java
75.7,825.5,35709,java
76.2,825.5,35709,java
76.8,825.5,35709,java
77.3,838.9,35709,java
77.8,840.3,35709,java
78.4,826.8,35709,java
78.9,826.9,35709,java
79.4,826.9,35709,java
79.9,826.9,35709,java
80.5,865.6,35709,java
81.0,865.6,35709,java
81.5,826.9,35709,java
82.1,826.9,35709,java
82.6,827.0,35709,java
83.1,838.4,35709,java
83.6,838.4,35709,java
84.2,827.0,35709,java
84.7,842.7,35709,java
85.2,842.7,35709,java
85.7,827.0,35709,java
86.3,844.3,35709,java
86.8,844.5,35709,java
87.3,844.5,35709,java
87.9,845.4,35709,java
88.4,846.2,35709,java
88.9,846.2,35709,java
89.5,846.2,35709,java
90.0,846.3,35709,java
90.5,846.3,35709,java
91.0,846.3,35709,java
91.6,846.3,35709,java
92.1,846.3,35709,java
92.6,856.2,35709,java
93.2,869.2,35709,java
93.7,869.2,35709,java
94.2,869.2,35709,java
94.7,827.9,35709,java
95.3,828.0,35709,java
95.8,828.0,35709,java
96.3,828.0,35709,java
96.9,847.4,35709,java
97.4,847.4,35709,java
97.9,828.0,35709,java
98.4,840.2,35709,java
99.0,828.0,35709,java
99.5,828.0,35709,java
100.0,828.0,35709,java
100.6,828.0,35709,java
101.1,828.0,35709,java
101.6,828.0,35709,java
102.1,828.0,35709,java
102.7,828.1,35709,java
103.2,828.1,35709,java
103.7,828.1,35709,java
104.3,841.9,35709,java
104.8,841.9,35709,java
105.3,843.0,35709,java
105.9,846.4,35709,java
106.4,847.2,35709,java
106.9,848.7,35709,java
107.4,848.7,35709,java
108.0,841.6,35709,java
108.5,843.7,35709,java
109.0,828.2,35709,java
109.6,840.8,35709,java
110.1,841.6,35709,java
110.6,842.4,35709,java
111.1,842.4,35709,java
111.7,828.2,35709,java
112.2,839.5,35709,java
112.7,840.9,35709,java
113.3,840.9,35709,java
113.8,828.2,35709,java
114.3,828.2,35709,java
114.8,828.2,35709,java
115.4,828.2,35709,java
115.9,828.2,35709,java
116.4,841.8,35709,java
117.0,841.8,35709,java
117.5,828.2,35709,java
118.0,840.9,35709,java
118.5,841.6,35709,java
119.1,841.6,35709,java
119.6,867.1,35709,java
